decade,agricultural,intellectual,balance,balance_loo_min,balance_loo_max,loo_positive_share,balance_alt,control_balance_mean
1800s,0.5769,0.4654,-0.1115,-0.1336,-0.085,0.0,-0.0437,-0.0289
1810s,0.6092,0.5329,-0.0763,-0.0973,-0.0573,0.0,-0.0337,-0.0309
1820s,0.5874,0.5334,-0.054,-0.0852,-0.0267,0.0,-0.0256,-0.007
1830s,0.4701,0.3695,-0.1006,-0.1343,-0.0613,0.0,-0.0299,-0.0248
1840s,0.6178,0.5345,-0.0833,-0.109,-0.0453,0.0,-0.0277,-0.0085
1850s,0.6463,0.6427,-0.0037,-0.0234,0.03,0.3673,0.0685,0.007
1860s,0.5954,0.6469,0.0516,0.0075,0.0958,1.0,0.0927,0.0117
1870s,0.5425,0.6225,0.08,0.0558,0.1066,1.0,0.1481,0.0052
1880s,0.5557,0.6031,0.0474,0.0184,0.0865,1.0,0.1388,-0.0266
1890s,0.551,0.607,0.056,0.0302,0.0797,1.0,0.1605,0.0009
1900s,0.5105,0.6059,0.0954,0.0664,0.126,1.0,0.1592,-0.0051
1910s,0.5406,0.6268,0.0862,0.0535,0.1301,1.0,0.14,-0.0032
