rank,1800-е,1810-е,1820-е,1830-е,1840-е,1850-е,1860-е,1870-е,1880-е,1890-е,1900-е,1910-е
1,republicanism (0.896),civilize (0.883),civilization (0.901),civilization (0.810),civilization (0.943),civilization (0.948),civilization (0.947),civilization (0.938),civilization (0.930),civilization (0.910),civilization (0.867),civilization (0.856)
2,prostration (0.895),refinements (0.879),civilize (0.806),barbarism (0.700),christianity (0.791),barbarism (0.824),christianity (0.808),christianity (0.814),civilizing (0.810),barbarism (0.816),barbarism (0.818),paganism (0.817)
3,civilization (0.891),perfectibility (0.878),feudalism (0.799),civilized (0.662),barbarism (0.777),christianity (0.799),barbarism (0.802),civilizing (0.814),christianity (0.798),heathenism (0.815),heathenism (0.795),barbarism (0.814)
4,imperishable (0.890),diversify (0.873),civilising (0.797),reflex (0.619),morality (0.754),civilising (0.791),civilizing (0.797),barbarism (0.800),barbarism (0.793),civilizing (0.797),civilised (0.783),christianity (0.810)
5,impoverishment (0.889),reestablishing (0.872),prospering (0.791),civilised (0.618),humanity (0.744),humanity (0.780),humanity (0.781),handmaid (0.795),civilising (0.780),christianity (0.792),subversion (0.777),commercialism (0.804)
6,embroiling (0.886),ennobling (0.871),civilise (0.789),christianity (0.615),democracies (0.742),mankind (0.778),greatness (0.769),uncivilized (0.792),humanities (0.770),civilise (0.789),civilising (0.776),dynasties (0.792)
7,corrupts (0.886),harmonise (0.870),preeminence (0.788),refinement (0.606),democracy (0.735),civilize (0.772),civilize (0.757),civilize (0.779),paganism (0.769),feudalism (0.789),materialism (0.776),humanity (0.792)
8,disquiet (0.886),colonization (0.869),civilizing (0.787),civilise (0.591),civilising (0.733),democracy (0.771),mankind (0.757),humanity (0.778),peopling (0.766),precursors (0.787),dynastic (0.775),serfdom (0.792)
9,regenerated (0.885),cementing (0.867),nascent (0.785),debases (0.587),diffusion (0.732),civilised (0.769),humanizing (0.755),conquests (0.778),puritanism (0.761),civilising (0.787),progenitors (0.774),germanic (0.785)
10,independance (0.885),adversities (0.867),uncivilised (0.783),civilize (0.578),refinement (0.731),nation (0.765),ungodliness (0.755),uncivilised (0.775),materialism (0.761),democracies (0.780),evolutionary (0.774),imperialism (0.783)
11,prospered (0.884),civilization (0.865),paganism (0.783),paganism (0.578),social (0.726),developement (0.763),civilising (0.754),retardation (0.775),monarchies (0.760),monarchies (0.780),christianity (0.772),monarchies (0.783)
12,disturbs (0.884),entourage (0.864),abasement (0.780),uncivilized (0.574),civilizing (0.723),advancement (0.762),civilised (0.753),judaism (0.774),uncivilized (0.760),indubitably (0.774),democracy (0.772),hegemony (0.782)
13,destroyers (0.884),predestined (0.859),amalgamate (0.780),mankind (0.573),religion (0.722),millenium (0.759),religion (0.743),civilising (0.774),refinements (0.757),republicanism (0.774),paganism (0.771),militarism (0.782)
14,irreconcilable (0.883),evanescent (0.858),civilised (0.779),civilising (0.569),greatness (0.719),civilizing (0.757),despotism (0.743),polytheism (0.771),muscovites (0.753),colonised (0.772),monstrosity (0.769),judaism (0.781)
15,civilizing (0.883),humanizing (0.858),populations (0.778),uncivilised (0.568),lifeblood (0.716),religion (0.757),uncivilized (0.740),dominance (0.770),religion (0.752),subversion (0.772),civilized (0.769),materialism (0.781)
16,endangers (0.882),desiderata (0.857),cherokees (0.778),civilizing (0.559),uncivilized (0.712),conquests (0.754),democracy (0.737),debasement (0.767),heathenism (0.750),refinements (0.767),dynasties (0.769),papacy (0.781)
17,capabilities (0.881),civilising (0.857),colonising (0.777),heathenish (0.553),civilise (0.712),nations (0.754),materialism (0.737),heathenism (0.765),hatreds (0.748),civilize (0.767),despotism (0.768),degenerates (0.781)
18,intercity (0.881),factitious (0.855),heathenism (0.776),handmaid (0.548),advancement (0.709),social (0.753),feudalism (0.733),hierarchies (0.764),aggrandizement (0.747),materialism (0.765),judaism (0.768),rationalism (0.780)
19,financiers (0.879),tortuous (0.855),regenerate (0.775),nations (0.547),perfectibility (0.706),greatness (0.753),intellectual (0.730),savageness (0.764),polytheism (0.747),corruptions (0.765),democracies (0.766),puritanism (0.779)
20,tannot (0.879),ennobles (0.855),perfectibility (0.774),greatness (0.547),civilize (0.705),uncivilized (0.752),ideas (0.730),advancements (0.764),millenium (0.747),emancipating (0.765),corruptions (0.765),democracies (0.779)
21,ascendant (0.879),wellbeing (0.855),convulsing (0.773),humanizing (0.544),civilized (0.705),humanism (0.752),peoples (0.730),achieves (0.764),oligarchies (0.746),aggressions (0.764),dominance (0.763),democracy (0.777)
22,diffusing (0.879),perfecting (0.854),mankind (0.769),humanity (0.543),nations (0.704),humanizing (0.751),development (0.729),unconquered (0.763),conquests (0.744),irreligion (0.763),caucasian (0.763),civilised (0.777)
23,harmonise (0.879),undirected (0.854),republicanism (0.769),intellectual (0.541),morals (0.697),heathenism (0.751),uncivilised (0.727),prototypes (0.761),subjugate (0.744),austerities (0.763),monarchical (0.761),heathenism (0.776)
24,civilise (0.878),unmatched (0.853),languishes (0.769),religion (0.537),fundamentals (0.696),nascent (0.748),republicanism (0.725),glimmerings (0.760),nations (0.744),unthought (0.763),tyrannies (0.760),collectivism (0.774)
25,ascendency (0.878),predominance (0.853),uncivilized (0.768),degeneracy (0.537),civilised (0.696),civilise (0.746),morality (0.725),barbarian (0.760),hindustan (0.744),uncivilised (0.761),colonising (0.760),hinduism (0.774)
26,explores (0.878),regenerate (0.853),prizing (0.768),europe (0.533),europe (0.695),rationality (0.745),papacy (0.724),heathenish (0.760),liberators (0.743),incalculably (0.760),advancements (0.759),sinfulness (0.774)
27,consummation (0.877),convulse (0.853),undermines (0.767),soldiership (0.533),peope (0.693),despotism (0.742),irreligion (0.724),forits (0.759),radicalism (0.743),newtonian (0.758),counterbalances (0.759),communism (0.774)
28,emancipating (0.877),hypotheses (0.852),repulsion (0.767),brutalised (0.533),legislations (0.692),democracies (0.739),heathenism (0.723),invasions (0.759),cracy (0.742),civilised (0.758),civilizing (0.758),regeneration (0.774)
29,despairs (0.877),neutralise (0.852),eclipsing (0.765),feudalism (0.532),ennobles (0.692),peoples (0.736),protestantism (0.723),intelligences (0.757),fakirs (0.741),scourges (0.758),subjugation (0.758),apotheosis (0.773)
30,courtesies (0.877),reestablish (0.852),peopling (0.765),persistence (0.532),contentment (0.692),humanities (0.734),advancement (0.722),barbarians (0.755),exemplars (0.741),revolutionising (0.757),confederacy (0.758),rottenness (0.772)
