,culture,mother,father,horse,bread,water,church,winter,morning,village,garden,friend,dinner
1800s,0.6172,0.7493,0.814,0.7623,0.6572,0.6766,0.7213,0.6565,0.7998,0.698,0.5795,0.6954,0.7005
1810s,0.6944,0.7645,0.8145,0.7565,0.7161,0.7103,0.7584,0.7342,0.817,0.6503,0.6198,0.7142,0.7497
1820s,0.6546,0.8012,0.8348,0.7921,0.7332,0.7145,0.7968,0.7723,0.8111,0.7329,0.6384,0.7306,0.7753
1830s,0.5714,0.6802,0.7426,0.6676,0.6454,0.6783,0.7295,0.6831,0.6906,0.6891,0.6183,0.6481,0.6823
1840s,0.6982,0.7916,0.8426,0.7871,0.7571,0.7639,0.8151,0.791,0.8056,0.7478,0.6789,0.7077,0.7403
1850s,0.7908,0.8128,0.8315,0.7657,0.7855,0.7952,0.8153,0.8132,0.8217,0.8023,0.7364,0.7533,0.7745
1860s,0.7563,0.8329,0.8343,0.7971,0.7397,0.783,0.789,0.8238,0.7892,0.7775,0.6524,0.7777,0.7538
1870s,0.783,0.8575,0.8787,0.8828,0.8001,0.8308,0.836,0.847,0.8473,0.8457,0.772,0.8508,0.845
1880s,0.794,0.8554,0.8877,0.8537,0.7918,0.8567,0.8665,0.8219,0.895,0.8452,0.8342,0.8281,0.8903
1890s,0.7902,0.8893,0.8843,0.8936,0.8254,0.8799,0.8641,0.8875,0.8973,0.8688,0.8578,0.8846,0.9013
1900s,0.823,0.8703,0.9223,0.8794,0.8566,0.9263,0.8898,0.8952,0.9062,0.9173,0.8575,0.8751,0.8998
