,culture,control_mean,control_min,control_max,z_vs_control
1800s,0.6172,0.7092,0.5795,0.814,-1.3998
1810s,0.6944,0.7338,0.6198,0.817,-0.6791
1820s,0.6546,0.7611,0.6384,0.8348,-1.9805
1830s,0.5714,0.6796,0.6183,0.7426,-3.1772
1840s,0.6982,0.769,0.6789,0.8426,-1.5311
1850s,0.7908,0.7923,0.7364,0.8315,-0.0515
1860s,0.7563,0.7792,0.6524,0.8343,-0.4642
1870s,0.783,0.8411,0.772,0.8828,-1.9075
1880s,0.794,0.8522,0.7918,0.895,-1.9027
1890s,0.7902,0.8778,0.8254,0.9013,-4.1427
1900s,0.823,0.8913,0.8566,0.9263,-2.8398
